benchmark,n_series,spearman_energy_time,spearman_energy_power
binary-trees,25,0.9723076923076923,0.036153846153846154
fannkuch-redux,25,0.9561538461538461,0.35923076923076924
fasta,26,0.9801709401709402,-0.18222222222222223
k-nucleotide,21,0.9376623376623376,0.18571428571428572
mandelbrot,25,0.9792307692307692,0.4330769230769231
n-body,26,0.9958974358974358,0.8256410256410256
pidigits,13,0.989010989010989,0.532967032967033
regex-redux,19,0.9789473684210527,0.043859649122807015
reverse-complement,23,0.9940711462450593,-0.5345849802371542
spectral-norm,26,0.9487179487179487,0.2923076923076923
thread-ring,1,,
