source,language,benchmark,variant,n_raw,n_valid,n_invalid,n_short,blocks,line_first,line_last,package_j_median,package_j_q25,package_j_q75,package_j_iqr_pct,time_s_median,time_s_q25,time_s_q75,time_s_iqr_pct,power_w_median,edp_js_median,cpu_share_median,dram_j_median,block_time_ratio,flags,exploratory_eligible
Ada/Ada.csv,Ada,binary-trees,False,20,20,0,0,2,11,121,112.0997314453125,110.65673828125,112.61753845214844,1.7491568852285857,2.8206350000000002,2.812475,2.8338150000000004,0.7565672268833209,39.432778044776605,316.5035108566284,0.7566370547275105,9.6656494140625,1.0017688407262715,,True
Ada/Ada.csv,Ada,fannkuch-redux,False,20,20,0,0,2,41,151,311.6985778808594,309.35548400878906,313.56385803222656,1.3501421957228397,7.350405,7.341324999999999,7.3645775,0.3163431130665696,42.33083062764884,2296.1712955963135,0.7876802826866182,17.758056640625,1.0019417449287913,,True
Ada/Ada.csv,Ada,fasta,False,20,20,0,0,2,81,191,62.559478759765625,61.78712463378906,63.30433654785156,2.425231066724099,2.745885,2.7279899999999997,2.7803625,1.9073085726459833,22.738065161477856,171.9053337335205,0.5366631064344111,6.702850341796875,1.012237356043212,,True
Ada/Ada.csv,Ada,k-nucleotide,False,20,20,0,0,2,51,161,190.224609375,182.16883850097656,196.01583862304688,7.279289555418656,6.804315,6.47072,7.1553125,10.06115237169355,27.793717609342863,1288.5974293743898,0.6565867232941799,20.980072021484375,1.0775241486825213,,True
Ada/Ada.csv,Ada,mandelbrot,False,20,20,0,0,2,61,171,117.93759155273438,117.65260314941406,118.15617370605469,0.42698053267898006,3.188085,3.1817100000000003,3.1983699999999997,0.5225707595625415,36.93739451708579,375.89816119262696,0.7608508372322673,7.72760009765625,1.0004783435824327,,True
Ada/Ada.csv,Ada,n-body,False,20,20,0,0,2,1,111,79.56134033203125,79.44064331054688,81.39727783203125,2.4592779776192852,4.085215,4.08413,4.08723,0.07588339903774663,19.46791010408142,325.065068972168,0.5236179908642093,9.8699951171875,1.0003011672065638,,True
Ada/Ada.csv,Ada,pidigits,False,20,20,0,0,2,71,181,11.483062744140625,11.430770874023438,11.59979248046875,1.47192095185196,0.545332,0.54460275,0.5475942500000001,0.5485649109166592,21.03291135308818,6.272104668395997,0.5515590943586186,1.31744384765625,1.0034443800987702,,True
Ada/Ada.csv,Ada,regex-redux,False,20,20,0,0,2,31,141,184.12713623046875,181.55636596679688,185.54632568359375,2.1669590905941813,5.105455,5.036137500000001,5.154707500000001,2.322417884400118,36.08191293968608,945.8133981011963,0.7316569957969977,12.691192626953125,1.0114898801507084,,True
Ada/Ada.csv,Ada,reverse-complement,False,20,20,0,0,2,21,131,10.805694580078125,10.693191528320312,10.952102661132812,2.396061918035704,0.36530549999999995,0.36335325,0.36820875,1.329161482649442,29.534889981289123,3.940017200805664,0.6597805082928676,1.125762939453125,1.0041272023522856,,True
Ada/Ada.csv,Ada,spectral-norm,False,20,20,0,0,2,91,201,32.576629638671875,32.49546813964844,32.608551025390625,0.3471288681378698,0.7729885,0.7727317499999999,0.77344675,0.0924981419516618,42.15954775464655,25.186519551239012,0.7728193814011659,1.867340087890625,1.0004767915101354,,True
C++/C++.csv,C++,binary-trees,False,20,20,0,0,2,11,120,47.985626220703125,47.03840637207031,48.49897766113281,3.0437683200065124,1.106325,1.101315,1.1095175,0.7414186608817382,42.55260868689296,52.8697554486084,0.7753360423193272,3.663543701171875,1.0021950568225535,,True
C++/C++.csv,C++,fannkuch-redux,False,20,20,0,10,2,41,150,129.10198974609375,0.0084991455078125,260.2906188964844,201.609688791688,3.04967,0.001482,6.11483,200.45932838635,27.73035860672214,787.1799383096313,0.49528151759465255,7.36859130859375,4195.061728395061,short_time|block_shift,False
C++/C++.csv,C++,fasta,False,20,20,0,0,2,81,190,43.013519287109375,42.75410461425781,43.196929931640625,1.0295026417787716,1.153455,1.1415975,1.163985,1.9409079678010852,37.36506758934165,49.79237399505615,0.7449718071018012,2.857147216796875,1.0004768283114645,,True
C++/C++.csv,C++,k-nucleotide,False,20,20,0,0,2,51,160,126.32052612304688,124.78019714355469,133.3890838623047,6.815113096001688,3.680625,3.5664125,3.904035,9.172966547800977,34.51882013294693,463.7191395886231,0.7258213601016581,13.6026611328125,1.0562237249960367,,True
C++/C++.csv,C++,mandelbrot,False,20,20,0,0,2,61,170,34.188262939453125,34.12689208984375,34.24183654785156,0.33621029009685965,0.8572055000000001,0.85375775,0.8580432499999999,0.499938462830668,39.950877683646326,29.324658760559082,0.8872331906800491,2.0997314453125,1.0032102719347633,,True
C++/C++.csv,C++,n-body,False,20,20,0,0,2,1,110,70.36322021484375,67.84783935546875,70.38226318359375,3.601915632039735,3.770295,3.77013,3.7704999999999997,0.009813555703194561,18.66242777316898,265.2788391271973,0.6845146363816074,9.1094970703125,1.0000106093619663,,True
C++/C++.csv,C++,pidigits,False,20,20,0,0,2,71,180,11.6226806640625,11.592819213867188,11.668167114257812,0.6482833226555197,0.549323,0.54830475,0.5501022499999999,0.3272209610738848,21.138016103628342,6.401796553161622,0.5546028118731066,1.32708740234375,1.0003641309196307,,True
C++/C++.csv,C++,regex-redux,False,20,20,0,0,2,31,140,249.87322998046875,248.13687133789062,255.3147430419922,2.872605322572017,10.575399999999998,10.569325,10.8141,2.31456966166765,23.61039714597026,2640.563582589722,0.5966265086393374,25.976104736328125,1.00134781724544,,True
C++/C++.csv,C++,reverse-complement,False,20,20,0,0,2,21,130,7.30450439453125,7.0972137451171875,7.4469451904296875,4.787887396910016,0.22112700000000002,0.218828,0.2229515,1.8647654967507368,32.65683060418387,1.6254077555236817,0.7094860482009981,0.860748291015625,1.0186853016282709,,True
C++/C++.csv,C++,spectral-norm,False,20,20,0,0,2,91,200,21.348358154296875,21.33331298828125,21.3668212890625,0.15695961506297684,0.66548,0.6653085,0.6656075,0.044929975356141315,32.085908721232514,14.210675581542969,0.7313052430269265,1.608001708984375,1.0000465850876625,,True
C/C.csv,C,binary-trees,False,20,20,0,0,2,11,130,47.37738037109375,46.88185119628906,47.90850830078125,2.166977355967489,1.123015,1.1199599999999998,1.1259700000000001,0.5351664937690318,41.78192999120845,53.534263551940924,0.7706458087731078,3.770599365234375,1.0041334487961218,,True
C/C.csv,C,fannkuch-redux,False,20,20,0,0,2,41,160,259.2064208984375,257.5131530761719,260.0625762939453,0.9835494078182403,6.08092,6.076549999999999,6.086805,0.16864224492347854,42.50389298550627,1576.5270353515625,0.7830635252560131,14.77972412109375,1.00000657799529,,True
C/C.csv,C,fasta,False,20,20,0,0,2,91,200,33.313568115234375,32.60252380371094,34.65187072753906,6.1516884554043125,0.9328945,0.91882975,1.00022775,8.725316742675627,35.092424416733124,31.12721359362793,0.753940236279268,2.3232421875,1.0077559681185815,,True
C/C.csv,C,k-nucleotide,False,20,20,0,0,2,51,170,108.96078491210938,107.78128051757812,111.15699768066406,3.0981028319581942,2.82721,2.7841275000000003,2.915775,4.656445753941154,38.50102208545127,307.98532088104247,0.7548259346291836,8.140350341796875,1.0124034423995152,,True
C/C.csv,C,mandelbrot,False,20,20,0,0,2,71,180,42.323974609375,41.90745544433594,43.34608459472656,3.3990880196586275,1.141975,1.141645,1.1428325,0.10398651459094087,36.814425755077835,49.33191403656006,0.777742590596497,2.7886962890625,1.000998589711022,,True
C/C.csv,C,n-body,False,20,20,0,0,2,1,120,74.81060791015625,72.66232299804688,74.88578796386719,2.972125247920163,4.19083,4.1901525,4.191294999999999,0.027261902773421498,17.79543767590055,313.37154532012937,0.6774383724919211,10.206939697265625,1.0000692014274581,,True
C/C.csv,C,pidigits,False,20,20,0,0,2,81,190,11.45074462890625,11.294342041015625,11.543914794921875,2.179532964836442,0.54664,0.5454325,0.5479975,0.46923020635153656,20.968229942804882,6.26114465625,0.552169720238598,1.31982421875,1.0008333196123735,,True
C/C.csv,C,regex-redux,False,20,20,0,0,2,31,150,30.408477783203125,30.0015869140625,30.486282348632812,1.5939483654063276,0.8051109999999999,0.8040295,0.805725,0.21059207984986816,37.36886927306601,24.46406920941162,0.7541812718552837,2.21820068359375,1.0007710435555732,,True
C/C.csv,C,reverse-complement,False,20,20,0,0,2,21,140,7.947296142578125,7.8504791259765625,8.17498779296875,4.08325877342877,0.2317625,0.22709275,0.2344055,3.155277493123339,34.37625471546458,1.8373021833496095,0.7202518107576479,0.88616943359375,1.02914695021656,,True
C/C.csv,C,spectral-norm,False,20,20,0,0,2,101,210,23.229217529296875,22.887710571289062,23.369125366210938,2.072453772128617,0.67166,0.6713812499999999,0.6721440000000001,0.1135619212101577,34.166779499977466,15.662566016387938,0.874833512481999,1.622528076171875,1.0000238218778639,,True
C/C.csv,C,thread-ring,False,10,10,0,0,1,61,70,1238.3668823242188,1229.6067352294922,1245.3490142822266,1.2712128592447989,65.95275000000001,65.3914,66.40145000000001,1.5314751848861596,18.743671761511152,81673.24965230713,0.5112647415699649,178.289306640625,1.0,,True
CSharp/CSharp.csv,CSharp,binary-trees,False,10,10,0,0,1,11,20,273.05560302734375,270.08628845214844,273.7191162109375,1.3304351635755562,10.825,10.745825,10.846975,0.9344110854503512,25.1966587642546,2955.8311693481446,0.5864970848119488,34.642486572265625,1.0,,True
CSharp/CSharp.csv,CSharp,fannkuch-redux,False,10,10,0,0,1,41,50,477.4609375,476.7445526123047,478.0116424560547,0.265380839401129,10.7917,10.772525,10.819275,0.4332032951249516,44.26975680138831,5157.626410131836,0.7938094924526397,26.078521728515625,1.0,,True
CSharp/CSharp.csv,CSharp,fasta,False,10,10,0,0,1,81,90,57.3450927734375,57.07884216308594,57.772430419921875,1.2094988834985556,1.55408,1.5422975,1.5668449999999998,1.5795518892206144,36.91769345122821,89.06702046966552,0.7502003905685695,3.89630126953125,1.0,,True
CSharp/CSharp.csv,CSharp,k-nucleotide,False,10,10,0,0,1,51,60,265.1874694824219,264.6326446533203,269.40821838378906,1.8008293302053255,7.209614999999999,7.1573275,7.382977500000001,3.129848126425625,36.76489066581499,1910.9913358752442,0.7287713300685992,20.91424560546875,1.0,,True
CSharp/CSharp.csv,CSharp,mandelbrot,False,10,10,0,0,1,61,70,180.91009521484375,179.9010772705078,181.23146057128906,0.7353836717632171,3.964745,3.9631425,3.964985,0.046472093413320884,45.660213266993736,716.7467083279419,0.8012562004765794,9.611907958984375,1.0,,True
CSharp/CSharp.csv,CSharp,n-body,False,10,10,0,0,1,1,10,113.46322631835938,110.91046142578125,113.78018188476562,2.5292075257338493,6.11037,6.10869,6.114445,0.09418414924136727,18.562566889430457,693.5414680838012,0.4912152605550654,14.7679443359375,1.0,,True
CSharp/CSharp.csv,CSharp,pidigits,False,10,10,0,0,1,71,80,20.81915283203125,20.767105102539062,20.882659912109375,0.555040882319313,0.943249,0.941655,0.9472925,0.5976682721105415,22.07163093860099,19.644050565490723,0.5696970731168385,2.283172607421875,1.0,,True
CSharp/CSharp.csv,CSharp,regex-redux,False,10,9,1,0,1,31,40,631.2437744140625,624.7440795898438,632.3729858398438,1.2085515230754325,14.7098,14.6579,14.724,0.44936029041863584,42.986593841941826,9257.02629036255,0.7825776113377142,36.99188232421875,1.0,invalid_rows_removed,True
CSharp/CSharp.csv,CSharp,reverse-complement,False,10,10,0,0,1,21,30,17.104156494140625,16.816055297851562,17.172027587890625,2.081203420706587,0.58874,0.5831537500000001,0.5936645,1.7852957162754188,29.04631649410866,10.10017409829712,0.6531987066696137,2.0205078125,1.0,,True
CSharp/CSharp.csv,CSharp,spectral-norm,False,10,10,0,0,1,91,100,45.722259521484375,45.705718994140625,45.825408935546875,0.26177608600031904,1.37409,1.3730674999999999,1.3754075000000001,0.17029452219288627,33.29233977647857,62.854861307067864,0.7350630339808222,3.324951171875,1.0,,True
Chapel/Chapel.csv,Chapel,binary-trees,False,20,20,0,0,2,11,110,281.3180847167969,277.44065856933594,284.4571075439453,2.4941336358353356,7.26532,7.2642275,7.2682925,0.05595073582444616,38.65042451612651,2044.2671767977904,0.7607887137014226,20.985809326171875,1.0002828568125135,,True
Chapel/Chapel.csv,Chapel,fannkuch-redux,False,20,20,0,0,2,41,140,337.30438232421875,335.8151092529297,338.5972137451172,0.8248053206475469,7.85366,7.8481275,7.8579325,0.12484625002864988,42.93402346683136,2649.461673338623,0.785786943460492,18.98626708984375,1.00027634669667,,True
Chapel/Chapel.csv,Chapel,fasta,False,20,20,0,0,2,71,170,49.99285888671875,49.89851379394531,50.50444030761719,1.2120261316618706,1.382155,1.37402,1.3994225,1.8378908298996852,36.29203546885924,69.21224373229981,0.7447100723188066,3.419952392578125,1.003504757491057,,True
Chapel/Chapel.csv,Chapel,k-nucleotide,False,20,20,0,0,2,51,150,309.25567626953125,307.8363037109375,310.5998992919922,0.8936280861167057,7.90359,7.8863,7.945295,0.7464329500897625,39.10481296680793,2448.2444573040775,0.7745258881164736,21.443878173828125,1.0024004044386894,,True
Chapel/Chapel.csv,Chapel,mandelbrot,False,20,20,0,0,2,61,160,114.20361328125,113.51133728027344,115.18466186523438,1.4652115960990042,2.448005,2.4444975,2.45207,0.30933351851813046,46.76885557163557,279.8251489147949,0.8154479890938344,5.983917236328125,1.0029388486339568,,True
Chapel/Chapel.csv,Chapel,n-body,False,20,20,0,0,2,1,100,95.32876586914062,92.92521667480469,97.15679931640625,4.438935722099168,5.2008149999999995,5.1998,5.2061,0.12113486059397262,18.079183865287888,495.7992305593872,0.4894674203018259,12.575164794921875,1.000638439438635,,True
Chapel/Chapel.csv,Chapel,regex-redux,False,20,20,0,0,2,31,130,126.57998657226562,125.58901977539062,127.67445373535156,1.6475226585447178,4.5267349999999995,4.519527500000001,4.531255,0.2590719359538216,27.774786912863824,572.8090151858521,0.6647590862083215,12.246917724609375,1.0019482610028065,,True
Chapel/Chapel.csv,Chapel,reverse-complement,False,20,20,0,0,2,21,120,21.591339111328125,21.192779541015625,21.992355346679688,3.7032247121928465,0.9107375,0.9056007500000001,0.9155757499999999,1.0952661990968688,23.490675574990664,19.826735222991942,0.5870025763688569,2.77825927734375,1.0102646024447524,,True
Chapel/Chapel.csv,Chapel,spectral-norm,False,20,20,0,0,2,81,180,44.949310302734375,44.68553161621094,45.16239929199219,1.060900985064149,1.352115,1.3519050000000001,1.352715,0.05990614703629169,33.11820206302669,60.90124598876953,0.7331516540143173,3.27874755859375,1.0000628661025976,,True
Dart/Dart.csv,Dart,binary-trees,False,20,20,0,0,2,11,110,398.16845703125,393.469970703125,401.9472961425781,2.1290801141457036,17.144350000000003,17.094375000000003,17.226924999999998,0.7731410056373955,23.20157141108079,6815.188578839111,0.581561261327121,56.61480712890625,1.0066423338466797,,True
Dart/Dart.csv,Dart,fannkuch-redux,False,20,20,0,0,2,41,140,756.0033569335938,753.1605377197266,756.8793334960938,0.4919020189871777,38.679449999999996,38.67245,38.684,0.029860817565916083,19.544984924720886,29239.17850109863,0.5192389859333935,93.47073364257812,1.000001292676085,,True
Dart/Dart.csv,Dart,fasta,False,20,20,0,0,2,71,170,96.128173828125,95.37132263183594,97.23439025878906,1.9381077916701588,4.744475,4.7425225,4.822905,1.6942338193372435,20.14902113661535,456.4871258673096,0.537016626502207,11.645477294921875,1.0028240041406078,,True
Dart/Dart.csv,Dart,k-nucleotide,False,20,20,0,0,2,51,150,521.6138000488281,519.0488433837891,524.7752990722656,1.097834391640043,14.4714,14.451675,14.506075,0.375913871498261,36.019273979583836,7558.39741982727,0.7393997564929177,39.389373779296875,1.000103663466921,,True
Dart/Dart.csv,Dart,mandelbrot,False,20,20,0,0,2,61,160,275.2731628417969,274.08201599121094,276.7860870361328,0.9823228014697315,10.07645,9.954415,10.08185,1.264681509857144,27.391012647139906,2773.7762645935054,0.6866997367611878,24.501068115234375,1.0005559361070573,,True
Dart/Dart.csv,Dart,n-body,False,20,20,0,0,2,1,100,128.82977294921875,126.59951782226562,132.24195861816406,4.379764604663657,6.825055,6.824202499999999,6.83267,0.124064934275269,18.84601228507631,879.5254139147949,0.5116565537606703,16.507720947265625,1.0000219778448671,,True
Dart/Dart.csv,Dart,regex-redux,False,20,19,1,0,2,31,130,290.5701904296875,288.73358154296875,292.34320068359375,1.2422537684568369,13.4889,13.4636,13.53335,0.5170918310611011,21.577418602697044,3920.642020428467,0.5560059347168699,35.28924560546875,1.0033054846560219,invalid_rows_removed,True
Dart/Dart.csv,Dart,reverse-complement,False,20,20,0,0,2,21,120,243.25723266601562,241.337158203125,245.19334411621094,1.585229705535768,10.62605,10.618424999999998,10.63665,0.17151246229785336,22.804278240243782,2585.445550653076,0.5762102997468234,32.194000244140625,1.0014644459826623,,True
Dart/Dart.csv,Dart,spectral-norm,False,20,20,0,0,2,81,180,90.30416870117188,89.59721374511719,91.19731140136719,1.7718978860709402,5.11475,5.087885,5.115292500000001,0.5358521921892702,17.75736798462229,460.1766143493653,0.46865609324080154,12.375762939453125,1.0000576791475217,,True
Erlang/Erlang.csv,Erlang,binary-trees,False,10,10,0,0,1,11,20,314.8534851074219,314.3087615966797,317.065185546875,0.8754624231822856,7.305759999999999,7.285635000000001,7.3666149999999995,1.108440463415148,42.99763275446257,2317.2159495416263,0.7708518957672514,23.11468505859375,1.0,,True
Erlang/Erlang.csv,Erlang,fannkuch-redux,False,10,10,0,0,1,31,40,4872.4056396484375,4837.140655517578,4924.334915161133,1.7895525556005654,102.435,101.1925,102.75075,1.521208571289111,47.93950028887035,496643.77258203126,0.7999836452275013,247.4998779296875,1.0,,True
Erlang/Erlang.csv,Erlang,fasta,False,10,10,0,0,1,71,80,720.9285888671875,719.3056335449219,723.7866973876953,0.6215683372766007,27.842399999999998,27.8209,27.891099999999998,0.25213343677267863,25.88083750043996,20087.469970635986,0.5687243485856552,67.35800170898438,1.0,,True
Erlang/Erlang.csv,Erlang,k-nucleotide,False,10,9,1,0,1,41,50,3152.09814453125,3134.7510375976562,3177.953369140625,1.3705896695482935,86.8287,85.6636,87.8043,2.465429057442983,36.38770757676802,273796.47228499147,0.7464585254536856,232.84454345703125,1.0,invalid_rows_removed,True
Erlang/Erlang.csv,Erlang,mandelbrot,False,10,10,0,0,1,51,60,10658.085144042969,10650.430847167969,10672.193588256836,0.20418997216428553,194.791,194.6675,194.89975,0.11923035458518198,54.69109387072778,2076006.8877329407,0.8151397570384684,487.29339599609375,1.0,,True
Erlang/Erlang.csv,Erlang,n-body,False,10,10,0,0,1,1,10,3075.7792358398438,3044.6644287109375,3115.1727447509766,2.29237245698444,150.1435,149.33975,152.3005,1.9719468375254277,20.29033188638582,462610.0394407959,0.5307129694291294,362.74395751953125,1.0,,True
Erlang/Erlang.csv,Erlang,pidigits,False,10,10,0,0,1,61,70,167.3740234375,165.7013397216797,170.20713806152344,2.6920535500697236,7.359795,7.3408125,7.370225,0.3996374899029035,22.773296286813082,1230.1327957269286,0.5023788796362108,17.9569091796875,1.0,,True
Erlang/Erlang.csv,Erlang,reverse-complement,False,10,10,0,0,1,21,30,182.04608154296875,181.5243377685547,183.25242614746094,0.9492587614407758,6.5008,6.4793674999999995,6.5348425,0.8533565099680098,28.00132084807859,1183.5466557330324,0.6610768149615966,16.536468505859375,1.0,,True
Erlang/Erlang.csv,Erlang,spectral-norm,False,10,10,0,0,1,81,90,902.7578735351562,895.6669464111328,904.7767181396484,1.00910465536481,17.999000000000002,17.991374999999998,18.003075,0.06500361131174594,50.14738531270167,16251.060044476319,0.8038377635663545,43.50531005859375,1.0,,True
FSharp/FSharp.csv,FSharp,binary-trees,False,30,30,0,0,3,11,240,313.19403076171875,0.8499603271484375,1205.4371032714844,384.6136977817429,15.6204,0.03997125,23.361375000000002,149.30093819620495,21.107230887465967,4897.90420091858,0.5206997654137749,46.31317138671875,594.0407086317377,block_shift,False
FSharp/FSharp.csv,FSharp,fannkuch-redux,False,20,20,0,0,2,41,150,231.36904907226562,0.8265228271484375,467.98219299316406,201.90931848455867,5.476865999999999,0.0396175,10.908425,198.44939605971734,31.529268377319944,2514.6059052757573,0.6534379751827948,13.239349365234375,275.50106017770594,block_shift,False
FSharp/FSharp.csv,FSharp,fasta,False,20,20,0,0,2,81,190,67.06631469726562,0.8123626708984375,135.1614532470703,200.32275693486025,2.7138325,0.03946525,5.34673,195.56346053044908,22.953499881630545,354.00813448242195,0.5528701223377197,6.596893310546875,135.55845637158606,block_shift,False
FSharp/FSharp.csv,FSharp,k-nucleotide,False,20,20,0,0,2,51,160,245.38699340820312,0.8242340087890625,500.46107482910156,203.61178637906158,7.053372,0.0395425,14.56455,205.92997930635164,27.68675879965835,3440.623966765503,0.6174311482552494,22.177490234375,368.64293124826037,block_shift,False
FSharp/FSharp.csv,FSharp,mandelbrot,False,20,20,0,0,2,61,170,119.61749267578125,0.822296142578125,238.76197814941406,198.9171288281076,3.4643384999999998,0.0394555,6.8735875,197.27090756287242,28.07247700894903,818.9882856515504,0.6375610590885901,8.395721435546875,174.21972423581892,block_shift,False
FSharp/FSharp.csv,FSharp,n-body,False,30,30,0,0,3,1,210,127.0296630859375,0.8189239501953125,128.3409423828125,100.38759084667225,7.104485,0.040194499999999994,7.14086,99.94623818615986,18.355976586692048,902.6505428256226,0.49489475407607036,17.178436279296875,200.76568453136903,block_shift,False
FSharp/FSharp.csv,FSharp,pidigits,False,20,20,0,0,2,71,180,10.691864013671875,0.8300018310546875,20.874542236328125,187.47470393976326,0.5007585,0.0397725,0.952863,182.34148796276048,21.46824272361822,9.654157886810303,0.5493177306068691,1.214996337890625,23.97261617380809,block_shift,False
FSharp/FSharp.csv,FSharp,regex-redux,False,30,30,0,0,3,31,250,962.946533203125,0.8393096923828125,982.1714782714844,101.90931009583876,46.68495,0.04016599999999999,46.788725,100.13625161856231,20.90519635541283,45039.168964013676,0.5406975709793931,114.12591552734375,1188.6060359822754,block_shift,False
FSharp/FSharp.csv,FSharp,reverse-complement,False,40,40,0,0,3,21,230,111.54660034179688,82.92802429199219,140.40419006347656,51.52659569665779,5.633945,4.20073225,6.126917499999999,34.18892534449662,19.962000675092607,626.7956091339111,0.5310313364054191,15.50726318359375,265.62806982191887,block_shift,False
FSharp/FSharp.csv,FSharp,spectral-norm,False,20,20,0,0,2,91,200,29.542694091796875,0.8038177490234375,58.59767150878906,195.62824426298093,0.7316495000000001,0.03960975,1.417215,188.28759535815982,30.43476216259471,41.204813737792975,0.642195244551137,1.772125244140625,35.80564081189294,block_shift,False
Fortran/Fortran.csv,Fortran,binary-trees,False,20,20,0,0,2,11,100,85.57293701171875,82.90011596679688,86.29345703125,3.9654371848758974,2.104335,2.098335,2.1277475,1.39770996538098,39.98930516206397,180.48543477416993,0.7654480363450122,6.270782470703125,1.0039257418199823,,True
Fortran/Fortran.csv,Fortran,fannkuch-redux,False,20,20,0,0,2,31,120,378.6379699707031,374.3774871826172,379.9215087890625,1.4642011753005852,8.661159999999999,8.66032,8.661425000000001,0.012758106304476536,43.69632224048026,3279.493262041321,0.7900215894243976,20.92877197265625,1.0000392571167958,,True
Fortran/Fortran.csv,Fortran,fasta,False,20,20,0,0,2,61,150,38.420013427734375,37.42158508300781,39.10289001464844,4.376117501372178,1.656355,1.649885,1.659215,0.5632850445707629,23.088193095193034,63.47771262329102,0.6143729169559455,4.06890869140625,1.0008395544925226,,True
Fortran/Fortran.csv,Fortran,k-nucleotide,False,20,20,0,0,2,41,130,783.0629272460938,780.1572875976562,785.6510620117188,0.7015750871239965,41.58915,41.49867499999999,41.7022,0.4893704247381978,18.852282630426213,32534.244198764034,0.5039028921331993,106.51580810546875,1.0030305440278402,,True
Fortran/Fortran.csv,Fortran,mandelbrot,False,20,20,0,0,2,51,140,221.53756713867188,220.4490966796875,223.90428161621094,1.5596383860082104,8.635005,8.627625,8.6443675,0.19389102843599326,25.647028181241428,1920.59539863678,0.6657921350419617,20.910003662109375,1.0003880126109892,,True
Fortran/Fortran.csv,Fortran,n-body,False,20,20,0,0,2,1,90,64.5478515625,61.583160400390625,65.2012939453125,5.605350847996127,3.57132,3.570565,3.5769349999999998,0.17836542230882538,18.070241355648328,230.56832510253906,0.6770282248008435,8.62774658203125,1.000018200553297,,True
Fortran/Fortran.csv,Fortran,reverse-complement,False,20,20,0,0,2,21,110,19.183685302734375,18.728057861328125,19.578948974609375,4.435493492796022,0.9391195,0.93794775,0.9411882500000001,0.3450572584213288,20.121725603014117,18.290073787963866,0.5329084052911608,2.639251708984375,1.0031900732426744,,True
Fortran/Fortran.csv,Fortran,spectral-norm,False,20,20,0,0,2,71,160,22.199798583984375,22.135574340820312,22.251052856445312,0.5201782132758168,0.6668274999999999,0.66668425,0.6672295,0.0817677735246451,33.24350553544046,14.814141394012452,0.8745634295968777,1.610595703125,1.0003269456452863,,True
Go/Go.csv,Go,binary-trees,False,20,20,0,0,2,11,110,750.0291748046875,739.4677124023438,756.4368286132812,2.2624608189883237,16.29725,16.256500000000003,16.33975,0.5108223780085356,45.915851663680584,12246.95272012329,0.7940750083752305,48.608062744140625,1.0025976976906281,,True
Go/Go.csv,Go,fannkuch-redux,False,20,19,1,0,2,31,130,376.3421630859375,375.6790771484375,377.3458251953125,0.44288102964811815,8.486270000000001,8.48543,8.488025,0.03057880552941675,44.34988160275742,3193.598198309326,0.7937735914541564,20.50274658203125,1.0000400647163004,invalid_rows_removed,True
Go/Go.csv,Go,fasta,False,20,20,0,0,2,71,170,53.058258056640625,52.89288330078125,53.602783203125,1.3379630774646227,1.8441200000000002,1.843025,1.8464175,0.18396308266274056,28.848999810451623,98.25239710083008,0.6802931414359104,4.5272216796875,1.0009519986547255,,True
Go/Go.csv,Go,k-nucleotide,False,20,20,0,0,2,41,140,324.1253662109375,322.6602478027344,327.3874053955078,1.4584349407867854,8.005955,7.8637125,8.058024999999999,2.427099577751796,40.69666644007265,2604.8513770825193,0.7660654855981639,22.57318115234375,1.0051323948776218,,True
Go/Go.csv,Go,mandelbrot,False,20,20,0,0,2,51,150,137.5213623046875,136.62039184570312,138.3633575439453,1.2674145085768813,3.45331,3.4518899999999997,3.4544175,0.07319064897157329,39.62198102602113,475.3616856518554,0.7872937030340784,8.36798095703125,1.0005721569593118,,True
Go/Go.csv,Go,n-body,False,20,20,0,0,2,1,100,105.74551391601562,105.3331298828125,107.04878234863281,1.62243522423363,5.899050000000001,5.8981025,5.8995,0.023690255210576213,17.92613383470271,625.7534424975586,0.503085847949337,14.251617431640625,1.0002000576437278,,True
Go/Go.csv,Go,pidigits,False,20,20,0,0,2,61,160,18.565216064453125,18.225387573242188,19.725433349609375,8.079872440802506,0.7592095000000001,0.7462347500000001,0.77111175,3.276697670405853,24.53756072104322,14.274327439605713,0.5795086988746385,1.838623046875,1.0279257310316798,,True
Go/Go.csv,Go,reverse-complement,False,20,20,0,0,2,21,120,11.757354736328125,11.6163330078125,11.832778930664062,1.8409406512400555,0.3677885,0.36693275,0.37076,1.0406116558837495,31.902545942279218,4.32712873236084,0.6815700428575201,1.274932861328125,1.003524982701978,,True
Go/Go.csv,Go,spectral-norm,False,20,20,0,0,2,81,180,43.858734130859375,43.71311950683594,44.2359619140625,1.1921055579638495,1.331795,1.3312675,1.332075,0.060632454694592636,32.844092351948774,58.6949352053833,0.7359059121330456,3.21722412109375,1.0002478110028086,,True
Hack/Hack.csv,Hack,binary-trees,False,10,10,0,0,1,61,70,184.79342651367188,183.79335021972656,185.3628387451172,0.8493205386147796,4.5017700000000005,4.4793,4.5325975,1.1839232124253198,40.94680735127578,830.6415823822022,0.7585993162411977,16.48541259765625,1.0,,True
Hack/Hack.csv,Hack,fannkuch-redux,False,10,10,0,0,1,81,90,6149.1922607421875,6092.217971801758,6198.444915771484,1.7274942702296532,115.3885,114.79175000000001,116.4875,1.469600523449035,53.05423072170969,706604.0772836304,0.8146182327931459,279.09356689453125,1.0,,True
Hack/Hack.csv,Hack,fasta,False,20,20,0,0,2,31,120,324.1159362792969,285.6413116455078,359.4688720703125,22.778133427288832,15.35465,13.5116,17.13045,23.568430410331725,21.124369949214095,5021.736211489869,0.5531677451494856,37.24822998046875,1.2696775626550179,,True
Hack/Hack.csv,Hack,k-nucleotide,False,20,20,0,0,2,21,100,998.8213195800781,896.0827484130859,1082.5097198486328,18.664696856282966,24.019800000000004,21.7075,26.424349999999997,19.637340860456774,41.1693376051416,24115.18463985901,0.7652572328860365,67.63262939453125,1.219530072328479,,True
Hack/Hack.csv,Hack,mandelbrot,False,10,10,0,0,1,101,110,807.3674621582031,801.7484283447266,807.8617095947266,0.7571869732845521,15.2618,15.254075,15.279775,0.16839429163008623,52.88282337518493,12312.88901201477,0.8167217077834298,37.1163330078125,1.0,,True
Hack/Hack.csv,Hack,n-body,False,20,19,1,0,2,1,60,5744.862060546875,5110.416564941406,5838.747589111328,12.677954953379496,276.828,242.794,284.15049999999997,14.939420867831272,20.97586735381775,1616419.2885168456,0.5458756087492463,668.8394165039062,1.1707826387802005,invalid_rows_removed,True
Hack/Hack.csv,Hack,regex-redux,False,20,20,0,0,2,11,80,53.190032958984375,50.104644775390625,53.38783264160156,6.172562195520075,2.04202,1.912355,2.052655,6.870647691991268,26.103036184904596,108.61540061950683,0.63015232737855,5.337738037109375,1.072140903552397,,True
Hack/Hack.csv,Hack,spectral-norm,False,20,20,0,0,2,41,130,399.4413757324219,303.5869140625,482.9716339111328,44.90889796273864,9.171199999999999,6.1175225,11.528,58.99421558792744,44.77185364635501,3843.877644882202,0.7920952741168429,22.33013916015625,1.8844622588536462,,True
Haskell/Haskell.csv,Haskell,binary-trees,False,10,10,0,0,1,11,20,341.8731384277344,339.5654754638672,343.6724853515625,1.2013257042022498,11.589,11.560224999999999,11.60945,0.42475623436018317,29.565579294552222,3958.990722650147,0.6670104651233688,42.515289306640625,1.0,,True
Haskell/Haskell.csv,Haskell,fannkuch-redux,False,10,10,0,0,1,31,40,564.6697692871094,451.30824279785156,582.4837799072266,23.230486957887432,16.33475,11.265175000000001,16.738225,33.50556329297968,35.189425827977516,9239.907460745238,0.7415826352932988,39.466156005859375,1.0,,True
Haskell/Haskell.csv,Haskell,fasta,False,10,10,0,0,1,51,60,246.37738037109375,245.29730224609375,247.05001831054688,0.711394877976697,5.72484,5.708387500000001,5.7417925,0.583509757477925,43.06380875558326,1412.6896506103517,0.7762934233689598,14.47955322265625,1.0,,True
Haskell/Haskell.csv,Haskell,mandelbrot,False,10,10,0,0,1,41,50,205.2235107421875,204.874267578125,205.82791137695312,0.4646854521586185,6.02434,6.00178,6.038325,0.6066224681873911,34.14199806649777,1237.8141206082153,0.7554682887079431,14.591583251953125,1.0,,True
Haskell/Haskell.csv,Haskell,n-body,False,10,10,0,0,1,1,10,195.234619140625,194.6158905029297,197.34848022460938,1.3996440455631682,10.046050000000001,10.009225,10.063749999999999,0.5427506333334808,19.473279153216815,1959.1322758117676,0.529801956532977,24.271942138671875,1.0,,True
Haskell/Haskell.csv,Haskell,reverse-complement,False,10,10,0,0,1,21,30,18.9940185546875,18.942474365234375,19.0736083984375,0.6903964678436236,0.8055239999999999,0.8037055,0.807547,0.47689454317935326,23.55174758402633,15.297025086700438,0.6019762383510903,2.299591064453125,1.0,,True
Haskell/Haskell.csv,Haskell,spectral-norm,False,10,10,0,0,1,61,70,43.328033447265625,43.28764343261719,43.37042236328125,0.19105166811877675,1.3731999999999998,1.3704125,1.3765425,0.4464025633556634,31.572570907069814,59.50605805603027,0.7250713970902624,3.318695068359375,1.0,,True
JRuby/JRuby.csv,JRuby,binary-trees,False,20,20,0,0,2,11,120,816.9967651367188,802.95654296875,835.3380889892578,3.963485218339755,19.3017,18.906275,19.766275,4.455566090033518,42.218923849279484,15832.884298483277,0.7605851292952568,102.9537353515625,1.004805276219193,,True
JRuby/JRuby.csv,JRuby,fannkuch-redux,False,20,19,1,0,2,41,150,9217.058471679688,8857.789154052734,9869.459716796875,10.976067536650627,218.654,203.78699999999998,236.8625,15.126867105106713,42.431809735037824,1970039.2427752686,0.7827176629569489,574.8204956054688,1.026092669289946,invalid_rows_removed,True
JRuby/JRuby.csv,JRuby,fasta,False,20,20,0,0,2,81,190,1292.777099609375,1272.925796508789,1306.6053009033203,2.605205832057811,49.68894999999999,49.39505,50.1044,1.4275809812845728,25.862490948108814,64134.534123245234,0.6108626184560564,137.8736572265625,1.0115447608751547,,True
JRuby/JRuby.csv,JRuby,k-nucleotide,False,20,20,0,0,2,51,160,3085.1543884277344,3036.3497619628906,3118.4935302734375,2.662549680452434,87.2,85.63877500000001,88.50070000000001,3.2820240825688067,35.416947546394915,266788.2934545471,0.7312958642870531,321.1856994628906,1.0230901577769753,,True
JRuby/JRuby.csv,JRuby,mandelbrot,False,20,18,2,0,2,61,170,9275.679290771484,9218.009323120117,9403.450897216797,1.999223650187845,217.2295,216.44425,217.76825,0.6094936461208003,42.69906894992438,2014142.5117460326,0.7528905001160457,1418.7445983886719,1.0012924033865114,invalid_rows_removed,True
JRuby/JRuby.csv,JRuby,n-body,False,20,19,1,0,2,1,110,2423.4749755859375,2406.075225830078,2439.733673095703,1.388850621718807,97.9755,97.0513,98.8608,1.846890294002072,24.68038374399968,238237.52634749757,0.5923922777052655,455.7823486328125,1.013839783667203,invalid_rows_removed,True
JRuby/JRuby.csv,JRuby,pidigits,False,20,20,0,0,2,71,180,199.4605712890625,195.28248596191406,209.6625213623047,7.2094626559305155,8.126865,8.0396725,8.26882,2.819629709611269,24.698058445166566,1614.985862571106,0.6066457686519717,26.173492431640625,1.0145786167493442,,True
JRuby/JRuby.csv,JRuby,regex-redux,False,20,20,0,0,2,31,140,441.0301208496094,439.7865905761719,443.1601104736328,0.7649182534204513,13.515450000000001,13.438925,13.613975,1.2951844000754735,32.65690627558077,5978.54834130249,0.7131077390811811,35.43121337890625,1.0088434188122963,,True
JRuby/JRuby.csv,JRuby,reverse-complement,False,20,20,0,0,2,21,130,158.84738159179688,152.8019561767578,166.9198455810547,8.887706717493632,4.485745,4.361675,4.7300249999999995,8.211567978117337,35.36990577979574,717.5832411877441,0.7226785823164537,16.95855712890625,1.0346529049137736,,True
JRuby/JRuby.csv,JRuby,spectral-norm,False,20,20,0,0,2,91,200,1870.2595520019531,1856.0593566894531,1880.3289184570312,1.2976574156030714,79.31015,79.07005000000001,79.61167499999999,0.682920155869056,23.487228342918733,148136.47078010562,0.5551066234266395,386.8117980957031,1.0008299336116175,,True
Java-GraalVM/GraalVM.csv,Java-GraalVM,binary-trees,False,30,30,0,0,2,2,51,74.6282958984375,73.6014404296875,78.52264404296875,6.594286462039241,4.14578,4.095425,4.200275,2.529077761000361,18.280026910606047,311.35535049041755,0.8332875933862589,,1.0190065976139198,,True
Java-GraalVM/GraalVM.csv,Java-GraalVM,fannkuch-redux,False,10,10,0,0,1,82,91,172.37399291992188,171.6260223388672,173.52566528320312,1.1020473054879203,8.834309999999999,8.80672,8.873215,0.7526903629145882,19.4648150067068,1526.9214798126218,0.8909857104424845,,1.0,,True
Java-GraalVM/GraalVM.csv,Java-GraalVM,fasta,False,10,10,0,0,1,92,101,25.822967529296875,25.614990234375,29.574996948242188,15.335211607165016,1.283995,1.2074474999999998,1.295,6.818757082387403,19.880398994857018,33.9859342388916,0.8917274453784003,,1.0,,True
Java-GraalVM/GraalVM.csv,Java-GraalVM,mandelbrot,False,10,10,0,0,1,32,41,69.67691040039062,68.30924987792969,69.94929504394531,2.353785718384021,3.580265,3.5112049999999995,3.5935975,2.3012961331074804,19.46708564386359,249.46181533996582,0.8910175746377675,,1.0,,True
Java-GraalVM/GraalVM.csv,Java-GraalVM,n-body,False,10,10,0,0,1,72,81,64.75054931640625,63.140655517578125,70.55705261230469,11.453797956965632,3.929685,3.742765,3.98247,6.099852787182695,16.47731746862074,254.63418190979004,0.8718345955679252,,1.0,,True
Java-GraalVM/GraalVM.csv,Java-GraalVM,regex-redux,False,10,9,1,10,1,22,31,0.0062255859375,0.00555419921875,0.00634765625,12.745098039215685,0.000911,0.000844,0.000972,14.050493962678372,7.028654804379921,5.398681640625e-06,0.5196078431372549,,1.0,invalid_rows_removed|short_time,False
Java-GraalVM/GraalVM.csv,Java-GraalVM,reverse-complement,False,10,9,1,10,1,52,61,0.0048828125,0.0045166015625,0.005615234375,22.5,0.000874,0.00085,0.0009040000000000001,6.178489702517177,5.744485294117648,4.1503906249999995e-06,0.4189189189189189,,1.0,invalid_rows_removed|short_time,False
Java-GraalVM/GraalVM.csv,Java-GraalVM,spectral-norm,False,10,10,0,0,1,62,71,26.98333740234375,26.852752685546875,27.052719116210938,0.7410737511168414,1.38514,1.370615,1.3874825,1.2177469425473262,19.473502343202945,37.43155716552734,0.8909827228529255,,1.0,,True
JavaScript/JavaScript.csv,JavaScript,binary-trees,False,10,10,0,0,1,11,20,455.66796875,452.8994903564453,457.5190734863281,1.0138046662694704,21.3397,21.254199999999997,21.416050000000002,0.7584455264132332,21.293486901497538,9693.897907781982,0.5241587723775889,73.35287475585938,1.0,,True
JavaScript/JavaScript.csv,JavaScript,fannkuch-redux,False,10,10,0,0,1,41,50,654.7826232910156,654.7427062988281,654.8623046875,0.018265357756557316,33.66775,33.666124999999994,33.670575,0.013217396469932254,19.44792690065472,22044.262976568603,0.5080578631190338,81.34255981445312,1.0,,True
JavaScript/JavaScript.csv,JavaScript,fasta,False,10,10,0,0,1,71,80,101.37640380859375,101.09407043457031,104.01376342773438,2.8800518498137513,5.09839,5.08645,5.1100200000000005,0.4623028053954349,19.92323386781641,516.1542927288818,0.5099472433011152,12.403167724609375,1.0,,True
JavaScript/JavaScript.csv,JavaScript,k-nucleotide,False,10,10,0,0,1,51,60,1326.8370361328125,1314.3457641601562,1330.8761444091797,1.245848570612917,34.392399999999995,34.307874999999996,34.77125,1.347318012118975,38.63577611176113,45648.36565212402,0.7471155963850109,118.7327880859375,1.0,,True
JavaScript/JavaScript.csv,JavaScript,mandelbrot,False,10,10,0,0,1,61,70,285.5960693359375,285.27667236328125,286.1766662597656,0.31512825039119885,8.269285,8.22956,8.322709999999999,1.1264577288120996,34.51380922835522,2360.0911393969727,0.7400737057894236,21.66119384765625,1.0,,True
JavaScript/JavaScript.csv,JavaScript,n-body,False,10,10,0,0,1,1,10,126.23983764648438,125.80397033691406,126.26510620117188,0.3652855333584585,6.761575000000001,6.736345,6.7660175,0.4388400631509701,18.658665064997216,853.0993967141724,0.49504314055629994,16.340789794921875,1.0,,True
JavaScript/JavaScript.csv,JavaScript,regex-redux,False,10,10,0,0,1,31,40,40.409759521484375,40.376556396484375,40.510955810546875,0.3325914720948656,2.088615,2.087615,2.0917524999999997,0.19809778250178628,19.345688641711085,84.48509158508301,0.49433124512819676,5.7156982421875,1.0,,True
JavaScript/JavaScript.csv,JavaScript,reverse-complement,False,10,10,0,0,1,21,30,46.148468017578125,45.30033874511719,46.77850341796875,3.2030633655889162,1.931835,1.92355,1.94339,1.0270028237401154,23.9283165061657,89.10593733764648,0.5713569328194822,5.219940185546875,1.0,,True
JavaScript/JavaScript.csv,JavaScript,spectral-norm,False,10,10,0,0,1,81,90,86.28097534179688,86.128173828125,86.59700012207031,0.5433715741947578,5.03978,5.0395275,5.0405050000000005,0.019395687907017716,17.105138598616186,434.86993474578856,0.45495499513024573,12.181121826171875,1.0,,True
Lisp/Lisp.csv,Lisp,binary-trees,False,10,10,0,0,1,11,20,220.71820068359375,220.3966827392578,221.23402404785156,0.379371209986486,10.56415,10.563275,10.582725,0.18411325094777223,20.879018571103636,2331.9429932556154,0.5274495323198046,32.976470947265625,1.0,,True
Lisp/Lisp.csv,Lisp,fannkuch-redux,False,10,10,0,0,1,31,40,368.3021240234375,367.5731201171875,368.9524230957031,0.3745031289658951,9.005645000000001,8.9899175,9.14894,1.7658091119514363,40.72097387489137,3318.7145345498657,0.7802119287898668,21.76690673828125,1.0,,True
Lisp/Lisp.csv,Lisp,fasta,False,10,10,0,0,1,51,60,344.9462585449219,344.5239562988281,345.4259338378906,0.2614834968401423,15.76325,15.7547,15.767825,0.08326328644156819,21.875536118663426,5436.749624057007,0.555886886278161,39.6900634765625,1.0,,True
Lisp/Lisp.csv,Lisp,mandelbrot,False,10,10,0,0,1,41,50,112.41714477539062,112.00071716308594,113.54551696777344,1.3741674437417966,3.3786050000000003,3.3256975,3.4623799999999996,4.0455306258056085,33.27351674004544,379.813122399292,0.7507715754275985,8.205718994140625,1.0,,True
Lisp/Lisp.csv,Lisp,n-body,False,10,10,0,0,1,1,10,119.45138549804688,119.44468688964844,119.49238586425781,0.0399317047772166,6.685015,6.6841099999999996,6.6862275,0.031675321596146916,17.869704683364247,798.6407861416626,0.4946585846907001,16.152374267578125,1.0,,True
Lisp/Lisp.csv,Lisp,pidigits,False,10,10,0,0,1,71,80,50.005096435546875,49.979766845703125,50.094207763671875,0.22885850868472268,2.4650600000000003,2.4628674999999998,2.4672675,0.17849464110408683,20.282749932045903,123.36274336151124,0.5273742549607787,9.525970458984375,1.0,,True
Lisp/Lisp.csv,Lisp,reverse-complement,False,10,10,0,0,1,21,30,25.027679443359375,24.79010009765625,25.416763305664062,2.5038805911911495,1.136565,1.1269425,1.1408975000000001,1.227822429865442,22.021963143682292,28.445953685302737,0.5507405998261273,3.1243896484375,1.0,,True
Lisp/Lisp.csv,Lisp,spectral-norm,False,10,10,0,0,1,61,70,51.789276123046875,51.74501037597656,51.8504638671875,0.20362032278726788,1.36998,1.36653,1.3758975,0.6837691061183355,37.799482662692455,70.9503152481079,0.7579001946431319,3.358734130859375,1.0,,True
Lua/Lua.csv,Lua,binary-trees,False,20,18,2,0,2,11,100,3795.0345153808594,3765.556671142578,3833.7181701660156,1.7960705955950178,207.80900000000003,205.25275,211.25825,2.8899133338787113,18.292082024865522,789999.0533261108,0.48092614720164073,606.4891662597656,1.0111616290674856,invalid_rows_removed,True
Lua/Lua.csv,Lua,fannkuch-redux,False,20,19,1,0,2,31,120,12801.870971679688,12771.920501708984,12825.470520019531,0.4182983755187838,633.695,632.3779999999999,637.189,0.7591980369105067,20.209445857556705,8095602.949635742,0.5270554600594239,1530.943359375,1.002272596126864,invalid_rows_removed,True
Lua/Lua.csv,Lua,fasta,False,20,20,0,0,2,61,150,519.8067321777344,516.0005950927734,525.0372772216797,1.7384696214008233,24.53405,24.511425000000003,24.620800000000003,0.4458089879167932,21.176871393127072,12781.298033813477,0.5514099596720501,59.3492431640625,1.000699332066516,,True
Lua/Lua.csv,Lua,k-nucleotide,False,20,20,0,0,2,41,130,1827.2422180175781,1821.0518493652344,1835.1736907958984,0.7728499971933228,87.99325,87.848175,88.2776,0.48802038792749336,20.806471883102724,160707.41544079894,0.5377807749261866,214.79833984375,1.0009938006849721,,True
Lua/Lua.csv,Lua,mandelbrot,False,20,19,1,0,2,51,140,4416.5166015625,4376.912841796875,4439.449798583984,1.4159792077988498,99.9455,99.533,101.0325,1.5003176731318546,44.09695612380504,442059.75782516476,0.7723676404230067,242.447998046875,1.002087137489932,invalid_rows_removed,True
Lua/Lua.csv,Lua,n-body,False,20,20,0,0,2,1,90,4412.314971923828,3578.766128540039,5179.236618041992,36.272806898101535,176.923,175.39875,180.8965,3.1074252640979387,23.899329134019208,791398.6185556946,0.590047610623228,476.3734436035156,1.0029786969472594,,True
Lua/Lua.csv,Lua,reverse-complement,False,20,20,0,0,2,21,110,211.30734252929688,209.0786895751953,215.0923309326172,2.8459216255526516,9.1624,9.1094825,9.3180125,2.275932070199944,23.02998441713501,1936.081523843689,0.5558874478248674,23.23382568359375,1.0213414166639283,,True
Lua/Lua.csv,Lua,spectral-norm,False,20,20,0,0,2,71,160,1940.0231628417969,1934.1924591064453,1946.6711883544922,0.6432257865296672,95.43345,95.41115,95.4663,0.05778896183675388,20.300669924446154,185028.94102050783,0.5252011669602052,230.55743408203125,1.0001341274797866,,True
OCaml/OCaml.csv,OCaml,binary-trees,False,20,20,0,0,2,11,110,123.96780395507812,120.89210510253906,126.77812194824219,4.748020581082508,3.54548,3.491705,3.61936,3.6004997912835455,34.76757617635053,434.86945305877686,0.6981127155596478,16.257537841796875,1.0210365332719527,,True
OCaml/OCaml.csv,OCaml,fannkuch-redux,False,20,20,0,0,2,41,140,333.0497131347656,331.2400817871094,334.13587951660156,0.869479124373372,7.88034,7.8724975,7.915585,0.5467720935898754,42.16800351300196,2631.8300444647216,0.7819401200040528,19.040435791015625,1.0001129411525835,,True
OCaml/OCaml.csv,OCaml,fasta,False,20,20,0,0,2,71,170,62.99273681640625,62.29335021972656,63.41546630859375,1.7813420174735701,3.168685,3.167425,3.17144,0.12670871355151678,19.859596079902804,199.8827125167847,0.5192051623300149,7.806732177734375,1.0011127824770696,,True
OCaml/OCaml.csv,OCaml,k-nucleotide,False,20,20,0,0,2,51,150,424.3615417480469,421.5481414794922,429.04986572265625,1.7677672232650166,13.705449999999999,13.402475,14.0123,4.4495073127843225,31.32901871055437,5893.597641229248,0.6943124266990877,39.9759521484375,1.0289106885420873,,True
OCaml/OCaml.csv,OCaml,mandelbrot,False,20,20,0,0,2,61,160,255.7493896484375,254.98394775390625,256.57508850097656,0.6221484044429404,6.86277,6.859135,6.8705549999999995,0.16640511047287493,37.27027039202062,1756.037705354004,0.7631536456702179,16.631134033203125,1.0005720498623436,,True
OCaml/OCaml.csv,OCaml,n-body,False,20,20,0,0,2,1,100,109.3681640625,104.19764709472656,109.9984130859375,5.3038889707392425,5.857635,5.85646,5.857922500000001,0.024967414323367507,18.671012748437036,640.6398781088257,0.49770417899095865,14.151031494140625,1.0002313684375885,,True
OCaml/OCaml.csv,OCaml,regex-redux,False,20,20,0,0,2,31,130,264.4075927734375,261.92857360839844,265.2053680419922,1.2392966477333847,12.98175,12.964175000000001,13.002849999999999,0.29791823136324297,20.33752129552612,3430.967099755859,0.509091162986143,38.7447509765625,1.0011175251057796,,True
OCaml/OCaml.csv,OCaml,reverse-complement,False,20,20,0,0,2,21,120,10.539215087890625,10.381256103515625,10.5963134765625,2.0405444926726295,0.28551750000000004,0.28228349999999997,0.29297125,3.743290691463763,36.48173190074205,2.992534053894043,0.729906714675729,1.18365478515625,1.0130932896890343,,True
OCaml/OCaml.csv,OCaml,spectral-norm,False,20,20,0,0,2,81,180,51.960723876953125,51.78923034667969,52.194427490234375,0.779814277634439,1.6821000000000002,1.6668699999999999,1.7090975,2.51040366208906,30.756035178757422,87.36658787292481,0.7066494298623367,4.07232666015625,1.0074267835465425,,True
PHP/PHP.csv,PHP,binary-trees,False,20,20,0,0,2,11,70,1677.9017333984375,1668.5503540039062,1695.5772705078125,1.6107568140576198,42.22195,42.1489,42.40385,0.6038328405012107,39.65874476129018,70827.91278865052,0.7540843040855765,123.04913330078125,1.000970521735421,,True
PHP/PHP.csv,PHP,fannkuch-redux,False,10,8,2,0,1,91,100,6667.744232177734,6659.9881591796875,6687.063262939453,0.4060609228096126,126.0265,125.838,126.19975000000001,0.2870428044895438,52.94125325932477,840109.528865326,0.8141853830291311,304.4892883300781,1.0,invalid_rows_removed,True
PHP/PHP.csv,PHP,fasta,False,20,20,0,0,2,31,130,640.9692993164062,633.3040771484375,654.2221221923828,3.2635018660416977,29.4747,29.42405,29.8572,1.4695654239059184,21.547936188044257,18914.94365184021,0.5525092625341773,71.2911376953125,1.0116207234821097,,True
PHP/PHP.csv,PHP,k-nucleotide,False,10,10,0,0,1,101,110,1129.6369934082031,1123.2800903320312,1138.9749298095703,1.3893701754743801,29.27675,29.057499999999997,29.491375,1.4819780201012887,38.58831084436798,33044.0112560852,0.7388028917564421,79.91799926757812,1.0,,True
PHP/PHP.csv,PHP,mandelbrot,False,10,10,0,0,1,111,120,3959.660919189453,3954.428985595703,3970.569610595703,0.4076264440164236,73.75919999999999,73.63114999999999,74.07055,0.595722296337279,53.6998634209552,292179.97535284725,0.8066394681712941,178.2542724609375,1.0,,True
PHP/PHP.csv,PHP,n-body,False,20,19,1,0,2,1,60,3758.2073364257812,3703.819580078125,3774.8878479003906,1.891015089387129,179.018,178.6235,179.756,0.6326179490330543,21.006787571674884,671652.9197914429,0.5387289605383316,432.49591064453125,1.002831196880088,invalid_rows_removed,True
PHP/PHP.csv,PHP,regex-redux,False,10,10,0,0,1,81,90,46.425079345703125,46.34971618652344,46.58247375488281,0.5013617028549416,1.667095,1.6467049999999999,1.684005,2.2374249817796894,27.852761281453105,77.38279999450684,0.6505921872860155,4.33917236328125,1.0,,True
PHP/PHP.csv,PHP,reverse-complement,False,20,20,0,0,2,21,80,34.226654052734375,33.63835144042969,34.7423095703125,3.225433979558446,1.208265,1.2060650000000002,1.2150775,0.7459042511369499,28.04484783428508,41.46424838928223,0.6450137640409462,3.75634765625,1.0026982219090645,,True
PHP/PHP.csv,PHP,spectral-norm,False,20,20,0,0,2,41,140,1011.259521484375,996.0040740966797,1021.9321746826172,2.5639413063700003,19.0316,19.001375,19.160175,0.834401731856488,53.0539403538592,19292.928601651,0.8171107028866926,46.014495849609375,1.0016668769981492,,True
Pascal/Pascal.csv,Pascal,binary-trees,False,10,10,0,0,1,11,20,325.2266540527344,323.99961853027344,327.2702331542969,1.0056416296965374,16.0502,15.997525,16.202325000000002,1.2759965607905341,20.23837957895651,5219.963115414428,0.5263508021943244,43.164947509765625,1.0,,True
Pascal/Pascal.csv,Pascal,fannkuch-redux,False,10,10,0,0,1,41,50,404.7940368652344,399.6226501464844,405.38246154785156,1.4228992714348623,9.8047,9.7924875,9.829582499999999,0.3783389598865747,41.227100354359564,3967.2756581344606,0.7935301363159026,23.688140869140625,1.0,,True
Pascal/Pascal.csv,Pascal,fasta,False,10,10,0,0,1,71,80,104.1917724609375,103.99276733398438,105.62802124023438,1.5694654842953866,5.474359999999999,5.4669925,5.4778424999999995,0.1981966841785996,19.05094129761025,569.8368073104858,0.5285201586289097,13.293487548828125,1.0,,True
Pascal/Pascal.csv,Pascal,mandelbrot,False,10,10,0,0,1,51,60,255.97882080078125,255.8845672607422,256.28485107421875,0.15637380163888184,7.18828,7.186865,7.19951,0.1759113445775626,35.614549931423085,1840.288941369629,0.7627483822657026,17.393402099609375,1.0,,True
Pascal/Pascal.csv,Pascal,n-body,False,10,10,0,0,1,1,10,102.3594970703125,102.18841552734375,102.68673706054688,0.4868346831176978,5.70148,5.7013625,5.7016375,0.004823309035553001,17.95372759896035,583.5816870736694,0.4978868818912611,13.774505615234375,1.0,,True
Pascal/Pascal.csv,Pascal,pidigits,False,10,10,0,0,1,61,70,11.682830810546875,11.603805541992188,11.73248291015625,1.1014228507691544,0.5470520000000001,0.5463250000000001,0.54816175,0.335754187901688,21.29331833457919,6.390332766174317,0.5539666110569625,1.32232666015625,1.0,,True
Pascal/Pascal.csv,Pascal,regex-redux,False,10,10,0,0,1,31,40,50.693634033203125,50.62635803222656,50.824737548828125,0.39133023383494,2.28062,2.27917,2.2833875,0.184927782795896,22.213117958619797,115.64965783203124,0.578053225980713,5.905670166015625,1.0,,True
Pascal/Pascal.csv,Pascal,reverse-complement,False,10,10,0,0,1,21,30,21.4844970703125,21.282608032226562,21.990921020507812,3.2968562678621143,0.9092995,0.9057062499999999,0.92411475,2.0244704852471656,23.575331196852318,19.553065980560305,0.5701723898467568,2.679840087890625,1.0,,True
Pascal/Pascal.csv,Pascal,spectral-norm,False,10,10,0,0,1,81,90,46.349853515625,46.26481628417969,46.42152404785156,0.3380976460239453,1.348615,1.348455,1.3489,0.03299681525120429,34.33597380213726,62.50208186706543,0.7420995060012605,3.259552001953125,1.0,,True
Perl/Perl.csv,Perl,binary-trees,False,20,19,1,0,2,11,140,4189.3262939453125,4162.301971435547,4216.762542724609,1.299983994270689,95.4436,94.8325,96.31555,1.5538496033259492,43.83760761084499,398486.35773793946,0.7843077614733268,263.90130615234375,1.0081703432248086,invalid_rows_removed,True
Perl/Perl.csv,Perl,fannkuch-redux,False,20,17,3,0,2,41,170,12977.523193359375,12899.548828125,12999.2939453125,0.7685990284998279,249.254,248.879,249.88,0.40159836953469347,52.03927379523334,3230589.7161291502,0.8170401853170782,602.2269287109375,1.0015858486096725,invalid_rows_removed,True
Perl/Perl.csv,Perl,fasta,False,20,20,0,0,2,61,210,1931.7257385253906,983.2575988769531,3160.846649169922,112.72765107717937,50.9593,46.375375,62.018225,30.696752113941915,36.321857058972,102336.71335072632,0.6792741098459474,123.20416259765625,1.3431018396172993,,True
Perl/Perl.csv,Perl,k-nucleotide,False,20,20,0,0,2,51,180,1566.9898376464844,1564.2392272949219,1572.4749450683594,0.5255756977854436,35.6519,35.53665,35.801225,0.7421063113045888,43.942090241538644,55817.29755415954,0.7839041805059752,104.59783935546875,1.0036604445668964,,True
Perl/Perl.csv,Perl,mandelbrot,False,40,33,7,0,3,71,190,19968.496826171875,19835.816284179688,39368.044494628906,97.81521553915437,391.78,389.118,771.827,97.6846699678391,50.941845649866785,7800561.815606445,0.8078380645563086,946.5534057617188,1.98252351419066,invalid_rows_removed,True
Perl/Perl.csv,Perl,n-body,False,20,19,1,0,2,1,130,6853.086730957031,6833.690368652344,6869.815490722656,0.5271365078035083,325.311,324.58450000000005,326.1475,0.4804633104936296,21.064738020225413,2229598.2608538205,0.5458849518384559,785.9227905273438,1.0022464204880928,invalid_rows_removed,True
Perl/Perl.csv,Perl,pidigits,False,20,20,0,0,2,91,200,29.181243896484375,28.42608642578125,29.837493896484375,4.83669399327136,1.3130199999999999,1.3042075,1.3279850000000002,1.8109015856575095,21.819118633820967,38.48656111938477,0.5660734955454229,3.173004150390625,1.012077959826824,,True
Perl/Perl.csv,Perl,regex-redux,False,20,20,0,0,2,31,160,286.11090087890625,284.40576171875,286.5279083251953,0.7417216890115945,7.172225,7.14362,7.198875000000001,0.7704024901617103,39.93909644085236,2043.5671553533937,0.7681906976684406,17.608306884765625,1.0024310956826756,,True
Perl/Perl.csv,Perl,reverse-complement,False,20,20,0,0,2,21,150,30.638397216796875,29.836212158203125,31.059097290039062,3.991348252269266,1.193295,1.1809325,1.2057825000000002,2.082469129594967,25.657193538335665,36.51356710876465,0.5844972254977252,3.553924560546875,1.011668917745985,,True
Perl/Perl.csv,Perl,spectral-norm,False,20,20,0,0,2,101,220,998.4728088378906,984.8948059082031,1007.8791046142578,2.3019453812473682,19.80055,19.694175,19.85625,0.8185378688975709,50.38437635073103,19675.053149093626,0.8196467015289026,47.8519287109375,1.0016338216251213,,True
Python/Python.csv,Python,binary-trees,False,10,10,0,0,1,11,20,2098.6266174316406,2088.6717834472656,2100.802978515625,0.5780539981526528,44.83525,44.648225000000004,44.990849999999995,0.7641866611650232,46.79324383241838,93886.4800054779,0.7953717826324396,126.986328125,1.0,,True
Python/Python.csv,Python,fannkuch-redux,False,10,10,0,0,1,41,50,14777.476379394531,14706.459976196289,14925.748352050781,1.4839365682239511,279.851,278.10775,280.432,0.830531246985005,53.12290173576527,4125705.7278311467,0.8185820019884245,676.1185913085938,1.0,,True
Python/Python.csv,Python,fasta,False,10,9,1,0,1,71,80,1569.7496337890625,1561.9442138671875,1581.1060180664062,1.220691745152122,74.029,73.98519999999999,74.0642,0.10671493603858992,21.1996260949471,116233.83835850832,0.5591641698801144,178.92291259765625,1.0,invalid_rows_removed,True
Python/Python.csv,Python,k-nucleotide,False,10,10,0,0,1,51,60,1852.0664672851562,1846.619857788086,1863.3748016357422,0.9046621243683772,38.938500000000005,38.8185,38.999775,0.46554181594052,47.580225319439705,72177.83044933167,0.798600618724126,121.49029541015625,1.0,,True
Python/Python.csv,Python,mandelbrot,False,10,9,1,0,1,61,70,9003.674011230469,8976.647155761719,9066.151611328125,0.9940881406275426,162.933,162.332,164.234,1.1673509970356006,55.29306318729549,1466995.6176718138,0.8208672876277139,393.68768310546875,1.0,invalid_rows_removed,True
Python/Python.csv,Python,n-body,False,10,9,1,0,1,1,10,11779.833374023438,11747.52099609375,11792.521057128906,0.38200931716393494,559.663,557.978,560.299,0.41471385458749754,21.05012999411298,6592736.885606079,0.5547052395196501,1352.1076049804688,1.0,invalid_rows_removed,True
Python/Python.csv,Python,pidigits,False,10,10,0,0,1,91,100,25.860748291015625,25.7088623046875,25.931259155273438,0.8599784046589293,1.177515,1.175725,1.1922375,1.4023175925572202,21.967415002145593,30.4426749508667,0.5711272207533775,2.84747314453125,1.0,,True
Python/Python.csv,Python,regex-redux,False,10,10,0,0,1,31,40,214.21218872070312,206.99267578125,220.14828491210938,6.141391491037931,7.1143149999999995,6.83165,7.4338075,8.464026403104173,29.908296953286694,1524.7908998361206,0.6719479797604869,17.954376220703125,1.0,,True
Python/Python.csv,Python,reverse-complement,False,10,10,0,0,1,21,30,42.610595703125,42.55848693847656,42.99937438964844,1.0346897148390275,1.489625,1.483365,1.508335,1.676260803893593,28.531339869449674,63.67993728515624,0.6556977203920253,4.263427734375,1.0,,True
Python/Python.csv,Python,spectral-norm,False,10,10,0,0,1,81,90,7386.979156494141,7356.214691162109,7406.182418823242,0.6764297908869082,137.60000000000002,137.302,138.27575,0.7076671511627872,53.55404419250512,1016449.1221154175,0.8245920596933605,332.52459716796875,1.0,,True
Racket/Racket.csv,Racket,binary-trees,False,20,20,0,0,2,11,130,227.2769775390625,226.4005889892578,228.08746337890625,0.7422108512326161,11.239799999999999,11.228399999999999,11.266325,0.3374170358903301,20.178461480317203,2557.9102856994627,0.5052683576215358,40.34356689453125,1.0005116978579884,,True
Racket/Racket.csv,Racket,fannkuch-redux,False,20,19,1,0,2,41,160,2226.3889770507812,2198.8946228027344,2241.300079345703,1.904674204735857,43.7677,43.485200000000006,43.793549999999996,0.7045149733707509,51.0047665150539,96657.15114525758,0.8216310385134302,105.74725341796875,1.0055949195558056,invalid_rows_removed,True
Racket/Racket.csv,Racket,fasta,False,20,20,0,0,2,81,200,180.7603759765625,179.7407989501953,183.33303833007812,1.9872935982101434,8.24691,8.189165000000001,8.3367525,1.7896096841119695,21.97161008312112,1491.4381016381835,0.5532450060299648,20.2520751953125,1.006076382016053,,True
Racket/Racket.csv,Racket,k-nucleotide,False,20,20,0,0,2,51,170,940.5577392578125,931.2745208740234,949.3217163085938,1.9187759221258684,44.17845,43.988725,44.39845,0.927431813474657,21.281981937886936,41555.51008765259,0.5419112768364993,107.33953857421875,1.0006069342235036,,True
Racket/Racket.csv,Racket,mandelbrot,False,20,20,0,0,2,61,180,836.183837890625,835.3113708496094,838.3625183105469,0.36488955211504553,44.50765,44.48365,44.562975,0.17822778780727427,18.795094411791233,37244.62231553955,0.49832930784756657,107.93948364257812,1.0000101106214325,,True
Racket/Racket.csv,Racket,n-body,False,30,30,0,0,2,1,120,451.3232421875,437.05174255371094,652.4273986816406,47.72093169499411,22.4418,22.2603,22.709325,2.0008421784348798,19.8094467815087,10287.283613824464,0.5203259955878854,55.526458740234375,1.0128385141989533,,True
Racket/Racket.csv,Racket,pidigits,False,20,20,0,0,2,71,190,15.22265625,15.156951904296875,15.305404663085938,0.9752092956120092,0.7322854999999999,0.730311,0.7335805,0.4464788665076566,20.77522962998072,11.158199672180174,0.5545921184326804,1.779083251953125,1.001375024175686,,True
Racket/Racket.csv,Racket,regex-redux,False,20,20,0,0,2,31,150,539.7767333984375,537.5643615722656,543.5958251953125,1.1173997043319641,26.114800000000002,26.0749,26.1781,0.3951782131205334,20.669059323893798,14106.083056329346,0.5326174348229151,68.69784545898438,1.0017635974320487,,True
Racket/Racket.csv,Racket,reverse-complement,False,20,20,0,0,2,21,140,44.7698974609375,44.67536926269531,44.89543151855469,0.49154067429210235,2.116315,2.1130975,2.1288199999999997,0.7429187053912041,21.126085811298317,94.81067660705565,0.5614656663687976,5.36065673828125,1.0059393242421446,,True
Racket/Racket.csv,Racket,spectral-norm,False,20,20,0,0,2,91,210,100.67474365234375,100.61381530761719,100.79086303710938,0.17586111776313995,2.3397699999999997,2.3364125,2.35344,0.727742470413767,43.02907993101294,235.63939877349856,0.7874275652163731,5.66229248046875,1.000126088582572,,True
Ruby/Ruby.csv,Ruby,binary-trees,False,10,10,0,0,1,11,20,1041.0557861328125,1034.3877563476562,1045.3833923339844,1.056200458495445,26.62135,26.582225,26.704175,0.45809096833931495,38.98766776451231,27777.031013793945,0.7475902555220044,77.86715698242188,1.0,,True
Ruby/Ruby.csv,Ruby,fannkuch-redux,False,10,9,1,0,1,81,90,16409.20343017578,16394.735290527344,16471.51092529297,0.467881546428013,314.892,313.704,317.482,1.1997764312843833,52.267041136351146,5160333.433587158,0.8090672951290651,760.753662109375,1.0,invalid_rows_removed,True
Ruby/Ruby.csv,Ruby,fasta,False,10,10,0,0,1,61,70,1284.3466186523438,1275.3517150878906,1306.6049499511719,2.4333956588817944,61.03855,60.91515,61.23155,0.5183609374731241,21.024275058486552,78428.4618765747,0.5451248105810376,147.74026489257812,1.0,,True
Ruby/Ruby.csv,Ruby,k-nucleotide,False,10,10,0,0,1,41,50,2766.15478515625,2752.359405517578,2779.223342895508,0.9711653708638087,60.69795,60.224525,61.1569,1.536089769094344,45.470582857954,166964.519237323,0.7889592657661151,174.80422973632812,1.0,,True
Ruby/Ruby.csv,Ruby,mandelbrot,False,10,9,1,0,1,51,60,12993.212524414062,12923.041198730469,13073.62548828125,1.1589457901026055,245.675,244.018,246.943,1.1905973338760603,52.95937676208504,3192107.486935425,0.806215016860985,593.9190063476562,1.0,invalid_rows_removed,True
Ruby/Ruby.csv,Ruby,n-body,False,10,10,0,0,1,1,10,5929.686828613281,5922.387298583984,5970.274612426758,0.8075858848345349,281.297,280.841,281.954,0.3956672129457475,21.072750422158116,1668706.3643865357,0.5360852048459673,679.5879516601562,1.0,,True
Ruby/Ruby.csv,Ruby,regex-redux,False,10,10,0,0,1,31,40,295.6519470214844,293.34925842285156,297.57655334472656,1.4298214385064787,14.2332,14.21695,14.367325000000001,1.0565087260770618,20.718007522580585,4226.016134194946,0.5334388551494242,34.856414794921875,1.0,,True
Ruby/Ruby.csv,Ruby,reverse-complement,False,10,10,0,0,1,21,30,55.617218017578125,55.44084167480469,56.17680358886719,1.323262723838318,1.966405,1.9630550000000002,2.00115,1.9372916566017564,28.224648575011646,109.5288643460083,0.6491433199203446,6.427215576171875,1.0,,True
Ruby/Ruby.csv,Ruby,spectral-norm,False,10,10,0,0,1,71,80,3643.508056640625,3629.9900512695312,3659.816909790039,0.8186302337426056,71.61435,71.387,71.6982,0.4345497794785535,50.82429067555397,260477.1668913269,0.809778327964181,173.41677856445312,1.0,,True
Rust/Rust.csv,Rust,binary-trees,False,10,10,0,0,1,11,20,56.358184814453125,56.1905517578125,56.61326599121094,0.7500494112614357,1.254495,1.2437475,1.2659025000000002,1.7660492867648057,44.92530426045537,70.70131709503174,0.7892235156197909,4.556427001953125,1.0,,True
Rust/Rust.csv,Rust,fannkuch-redux,False,10,10,0,0,1,41,50,283.1863708496094,281.6548767089844,284.31298828125,0.9386438917560963,6.650145,6.60759,6.6553675000000005,0.7184429813184595,42.75480455799489,1877.7006872036743,0.7847117613484704,16.069976806640625,1.0,,True
Rust/Rust.csv,Rust,fasta,False,10,10,0,0,1,81,90,32.4605712890625,32.40522766113281,32.56663513183594,0.4972416205056465,0.917428,0.91430025,0.9228907500000001,0.9363677585598059,35.411443372676516,29.828761092041017,0.7357597788523578,2.288543701171875,1.0,,True
Rust/Rust.csv,Rust,k-nucleotide,False,10,10,0,0,1,51,60,87.03921508789062,86.6585693359375,87.29023742675781,0.7257281561908221,2.348565,2.3178900000000002,2.3880749999999997,2.9884205887424664,36.91744164743933,204.08017407653807,0.7285113493170401,8.68798828125,1.0,,True
Rust/Rust.csv,Rust,mandelbrot,False,10,10,0,0,1,61,70,48.33282470703125,48.284027099609375,48.455780029296875,0.3553546285129785,1.17386,1.17305,1.190095,1.4520470924982518,41.10615469118288,56.74492662994385,0.7912857279487763,2.877105712890625,1.0,,True
Rust/Rust.csv,Rust,n-body,False,10,10,0,0,1,1,10,61.99188232421875,61.70762634277344,62.07820129394531,0.597779801609767,3.3290699999999998,3.3285,3.3303675,0.05609674774035725,18.580008450938987,206.34189000915526,0.47966376193623084,8.0443115234375,1.0,,True
Rust/Rust.csv,Rust,pidigits,False,10,10,0,0,1,71,80,12.013458251953125,11.91912841796875,12.26568603515625,2.8847448413212518,0.5533825000000001,0.54709,0.5553480000000001,1.4922770416484252,21.762980190847475,6.648040653076173,0.5615616199157198,1.338287353515625,1.0,,True
Rust/Rust.csv,Rust,regex-redux,False,10,10,0,0,1,31,40,56.59912109375,56.39213562011719,56.737213134765625,0.6096870551697364,2.29497,2.2761075,2.2974924999999997,0.9318204595266841,24.67981129926373,129.9379131347656,0.6086945026756575,5.799285888671875,1.0,,True
Rust/Rust.csv,Rust,reverse-complement,False,10,10,0,0,1,21,30,8.674591064453125,8.542800903320312,8.863876342773438,3.7013322826113724,0.28370249999999997,0.280804,0.28562125,1.6979934967086987,30.34611171195738,2.4422812454833984,0.684495546267162,1.003448486328125,1.0,,True
Rust/Rust.csv,Rust,spectral-norm,False,10,10,0,0,1,91,100,29.010406494140625,28.97900390625,29.028411865234375,0.17031115711651323,0.6745455,0.674041,0.6750825,0.15440025913745306,43.01214569847881,19.572403255981445,0.7844395554853572,1.634063720703125,1.0,,True
Smalltalk/Smalltalk.csv,Smalltalk,binary-trees,False,10,10,0,10,1,11,20,0.0103759765625,0.0100250244140625,0.010711669921875,6.617647058823529,0.0010755,0.001014,0.00114775,12.436076243607621,10.291320736515267,1.1050048828124999e-05,0.2451640033641716,0.00244140625,1.0,short_time,False
Smalltalk/Smalltalk.csv,Smalltalk,fannkuch-redux,False,10,10,0,10,1,41,50,0.0091552734375,0.0085906982421875,0.0094757080078125,9.666666666666666,0.001294,0.0011925,0.00131825,9.717928902627511,7.562736514947934,1.117779541015625e-05,0.20003449295358233,0.00244140625,1.0,short_time,False
Smalltalk/Smalltalk.csv,Smalltalk,fasta,False,10,9,1,10,1,81,90,0.00994873046875,0.00909423828125,0.01068115234375,15.950920245398773,0.001089,0.000914,0.001184,24.793388429752063,10.849215342148309,9.90362548828125e-06,0.2195945945945946,0.00244140625,1.0,invalid_rows_removed|short_time,False
Smalltalk/Smalltalk.csv,Smalltalk,k-nucleotide,False,10,10,0,10,1,51,60,0.0089111328125,0.0084991455078125,0.014617919921875,68.66438356164383,0.001202,0.00119575,0.0014645,22.35856905158071,7.484178544242511,1.1062866210937498e-05,0.2004750935790383,0.002471923828125,1.0,short_time,False
Smalltalk/Smalltalk.csv,Smalltalk,mandelbrot,False,10,10,0,10,1,61,70,0.0098876953125,0.0095062255859375,0.00994873046875,4.4753086419753085,0.001176,0.00115025,0.00139425,20.7482993197279,8.578918828872933,1.14005126953125e-05,0.2105283337167395,0.00244140625,1.0,short_time,False
Smalltalk/Smalltalk.csv,Smalltalk,n-body,False,10,8,2,10,1,1,10,0.01239013671875,0.0120849609375,0.0126190185546875,4.310344827586207,0.000787,0.00074875,0.0008042500000000001,7.052096569250329,16.028801784338054,9.62567138671875e-06,0.3333333333333333,0.00250244140625,1.0,invalid_rows_removed|short_time,False
Smalltalk/Smalltalk.csv,Smalltalk,pidigits,False,10,10,0,10,1,71,80,0.00921630859375,0.0087738037109375,0.0099639892578125,12.913907284768213,0.0012115,0.0011015,0.00143925,27.878662814692525,8.431015786844732,1.1053375244140625e-05,0.20211267605633804,0.00244140625,1.0,short_time,False
Smalltalk/Smalltalk.csv,Smalltalk,regex-redux,False,10,10,0,10,1,31,40,0.008270263671875,0.00823974609375,0.0083465576171875,1.2915129151291513,0.0011115,0.0010835,0.00116,6.882591093117405,7.529369866543684,9.260009765625001e-06,0.1580697485806975,0.00244140625,1.0,short_time,False
Smalltalk/Smalltalk.csv,Smalltalk,reverse-complement,False,10,10,0,10,1,21,30,0.0091552734375,0.0086212158203125,0.0169219970703125,90.66666666666667,0.0013105,0.0012942499999999998,0.0014320000000000001,10.5112552460893,7.48734397087714,1.1924102783203125e-05,0.18462699649396183,0.002471923828125,1.0,short_time,False
Smalltalk/Smalltalk.csv,Smalltalk,spectral-norm,False,10,10,0,10,1,91,100,0.009368896484375,0.0086212158203125,0.010345458984375,18.403908794788272,0.0012645,0.00102925,0.0013405000000000001,24.61447212336893,9.206869366007325,1.094122314453125e-05,0.18510398696568908,0.00244140625,1.0,short_time,False
Swift/Swift.csv,Swift,fannkuch-redux,False,10,10,0,0,1,31,40,288.10577392578125,287.04481506347656,289.47064208984375,0.84199181200447,6.69215,6.661315,6.7364325,1.122471851348224,42.99635636368719,1923.621647631836,0.7895355893641759,16.169158935546875,1.0,,True
Swift/Swift.csv,Swift,fasta,False,10,10,0,0,1,61,70,46.01702880859375,45.95307922363281,46.13313293457031,0.39127626359021833,1.407375,1.3946200000000002,1.4147349999999999,1.4292565947241964,32.73982560449535,64.69106465026854,0.7142871691301605,4.193572998046875,1.0,,True
Swift/Swift.csv,Swift,k-nucleotide,False,10,10,0,0,1,41,50,328.3214416503906,327.4051055908203,329.5467224121094,0.6522927075745296,8.48679,8.45935,8.524360000000001,0.7660140052952991,38.61072143486089,2785.6293306817624,0.7564423220006176,33.139678955078125,1.0,,True
Swift/Swift.csv,Swift,mandelbrot,False,10,10,0,0,1,51,60,83.833251953125,83.76373291015625,83.86166381835938,0.11681630608565995,1.7986499999999999,1.7978725,1.80269,0.267839768715421,46.60129342851825,150.809166506958,0.8096067724536248,4.383636474609375,1.0,,True
Swift/Swift.csv,Swift,n-body,False,10,10,0,0,1,1,10,117.06710815429688,115.50323486328125,117.18960571289062,1.4405163638164729,6.02639,6.025515,6.0270925,0.026176533546613933,19.41595901996763,705.3176083526612,0.5002545041107075,14.5592041015625,1.0,,True
Swift/Swift.csv,Swift,regex-redux,False,10,10,0,0,1,21,30,833.3706665039062,830.8721618652344,835.6483459472656,0.5731164143403243,41.7308,41.61205,41.8433,0.5541470568500861,19.976961320145218,34770.100585525506,0.5200866895546737,104.24923706054688,1.0,,True
Swift/Swift.csv,Swift,reverse-complement,False,10,10,0,0,1,11,20,11.949432373046875,11.874374389648438,12.080413818359375,1.7242612224466811,0.41029150000000003,0.41010425000000006,0.41064475,0.13173560748880828,29.176650229437143,4.934431656982422,0.6620255795080783,1.471527099609375,1.0,,True
Swift/Swift.csv,Swift,spectral-norm,False,10,10,0,0,1,71,80,43.644683837890625,43.624786376953125,43.656585693359375,0.0728595412086433,1.34525,1.34498,1.3455175,0.03995539862478034,32.45680282975839,58.71604026672364,0.7343949107866306,3.2510986328125,1.0,,True
TypeScript/TypeScript.csv,TypeScript,binary-trees,False,10,10,0,0,1,11,20,459.3439025878906,458.3076477050781,462.9505157470703,1.010760786381359,21.6419,21.624250000000004,21.679525,0.25540733484582306,21.214485727846814,9980.467179037476,0.5233020097234373,74.05801391601562,1.0,,True
TypeScript/TypeScript.csv,TypeScript,fannkuch-redux,False,10,10,0,0,1,31,40,10767.113891601562,10584.427139282227,10834.581008911133,2.3233140481965955,516.182,516.067,516.70975,0.12452003363154433,20.860962414489556,5557305.66957782,0.5271675844632935,1247.0568237304688,1.0,,True
TypeScript/TypeScript.csv,TypeScript,fasta,False,10,10,0,0,1,41,50,131.00283813476562,130.83555603027344,131.24124145507812,0.3096768211902017,6.9054,6.901435,6.907875,0.09326034697482488,18.969966002332498,905.251426546936,0.4997533833487519,17.2579345703125,1.0,,True
TypeScript/TypeScript.csv,TypeScript,n-body,False,10,10,0,0,1,1,10,128.14584350585938,127.99980163574219,128.33804321289062,0.26395048633237306,6.8562899999999996,6.8553725,6.8630325,0.11172222878554502,18.671121452059797,878.9088370742797,0.49529342778557633,16.571441650390625,1.0,,True
TypeScript/TypeScript.csv,TypeScript,regex-redux,False,10,10,0,0,1,21,30,38.729248046875,38.69190979003906,38.76727294921875,0.19458978157405366,1.995425,1.9952675,1.9961499999999999,0.04422616735782589,19.413344436777216,77.25457946014404,0.49646406881652916,5.466888427734375,1.0,,True
TypeScript/TypeScript.csv,TypeScript,spectral-norm,False,10,10,0,0,1,51,60,103.19064331054688,103.08543395996094,103.31570434570312,0.22315045081093327,5.74968,5.7491825,5.7506375,0.025305756146428743,17.94655845912017,593.5155420773315,0.46840395127480994,13.89715576171875,1.0,,True
