source,sha256,variant,data_rows,header_rows,blank_rows,malformed_rows,duplicate_primary_rows
Ada/Ada.csv,674cfb260a404d90e309749e640f33d6facfaf2ba115cd3a13cbee912b920087,False,200,0,1,0,0
Ada/xAda.csv,fc58f50bdb025879456ca9ab20971a2fbf9534de85183a75208525caa8712e86,True,100,0,1,0,100
C/C.csv,a331f82aebbfef21e717dc6d4fa1244a73ed37789a760ee7397b0421acac19ea,False,210,0,0,0,0
C/xC.csv,21bcabc3786691e434965f12307c8fcbf0d4023675f7a788bf3e1dcf2f92f6f8,True,110,0,0,0,110
C++/C++.csv,da6c96196ffd8191fed0934c7aa05659db285d608196a7dbd4d0e18230832b0a,False,200,0,0,0,0
C++/xC++.csv,b48d278b4694d66fe40b84b4ec30624d09308069c03f7537aa3929883f221e2f,True,100,0,0,0,100
CSharp/CSharp.csv,e01772b1b2bc6b03ecbd0df75e33abe802cf2dc079997c867674ec247ef19d50,False,100,0,0,0,0
CSharp/xCSharp.csv,d5a18209316a760af49f4f73b942e474e8f1ccf43045d5feee2d73bd7ccd5330,True,100,0,0,0,0
Chapel/Chapel.csv,47cf934b0f8b07906fd0d2525dbe6ccd502624d6ffc50532bbfd277cb56178a6,False,180,0,0,0,0
Dart/Dart.csv,f793b2376e521e56ca9d113f064eb0eed16939fdbe0554ab54da7faa2e7e57e5,False,180,0,0,0,0
Dart/xDart.csv,c1c948837b82ce0413f4664ac597caa0841d79571abcd05d667beeb8ace72fba,True,90,0,0,0,90
Erlang/Erlang.csv,6bd54b25e8984cd826767847386f3525604feb4398db8ee204d7fef03526de41,False,90,0,0,0,0
FSharp/FSharp.csv,e70491c3e1b876a03a9b0702064c90fd32e0249e8e32b08fcc8a3af32273a1d9,False,250,0,0,0,0
Fortran/Fortran.csv,8d14502c47744b370e9e613a1e9c95b24a5a606cf3ea29dcca6ad8195ecc6f96,False,160,0,0,0,0
Go/Go.csv,114189cd1148da7b24aa54716589765425f9186f848c4685cc0c1f409ecc2d2c,False,180,0,0,0,0
Hack/Hack.csv,3c5b5691b33ca151ab708898b39157068701cc974b4ec8b7087982278baa18f9,False,130,0,0,0,0
Haskell/Haskell.csv,a446071880dd1acd8b1fad2ada3361f000574ec4751d4d60094a8fc5bfc40f98,False,70,0,0,0,0
JRuby/JRuby.csv,9bbe58b19c7470e19715a2144acb2b4ed5ddaee9d3459110ed5b1249f65b8281,False,200,0,0,0,0
Java-GraalVM/GraalVM.csv,f7609f0a769fb280cfda61cb41f1da5c342b283e96d856533eb7a6523b7c9489,False,100,1,0,0,0
JavaScript/JavaScript.csv,b7fbbe702759ca5cf9b4b055f8216cc621723ecc75bd1d1625c60fc852c58637,False,90,0,0,0,0
Lisp/Lisp.csv,58dccd595928b6ae096f148d9eeb7d6a3e655575826c4d26bafcbc4e6709d52e,False,80,0,0,0,0
Lua/Lua.csv,138482a161e6a2c479c8370d2b3ddae31ead422825f90f24fda148029f5d1b3f,False,160,0,0,0,0
OCaml/OCaml.csv,17480f34669de0c11ae75238238a91528e3ab5bed8113fc5e9b116b5cc9e4c40,False,180,0,0,0,0
PHP/PHP.csv,aee874040c4e6e76764e3c07112deca3989ff97c7e20cc001de79fa9ca5223e8,False,140,0,0,0,0
Pascal/Pascal.csv,be14a601c41c55c2ded1160f7a206f784c163b5dbafa51762b21744f1a9ace79,False,90,0,0,0,0
Perl/Perl.csv,4a60db0901b68fdd96b762606d7467a838d725c8dffbc15e0c47bf1223196835,False,220,0,0,0,0
Python/Python.csv,8e5c230588cf5b0f854758e436c35c7a86c1bbb098505d461677c6a57eaf1c4c,False,100,0,0,0,0
Racket/Racket.csv,39ac24befb26499a4dd05158ce3601d4eececeeeabb548c18e4b51e9e52b4ad7,False,210,0,0,0,0
Ruby/Ruby.csv,ae9ab5cc836bef4ac1b715397d9b0440f17f89839b7d30c35a80bd1e673ecd01,False,90,0,0,0,0
Rust/Rust.csv,a74d703aa45c96ef19a8bdf4c54c5b8c20bea212694c0327beb42f6f886cd2d8,False,100,0,0,0,0
Smalltalk/Smalltalk.csv,05e6a7d97e6febd30850a426ce30614345e2d4685397f2cfeef873d5767d7a4c,False,100,0,0,0,0
Swift/Swift.csv,a139735448bd04fd5e6cd674d2e929442a512fc2341db6a8c602773dacc1e426,False,80,0,0,0,0
TypeScript/TypeScript.csv,03003086b99827eb34d1293d8b60cdb0cdf4dba5cff5a00d3f6f66e24baf8e1f,False,60,0,0,0,0
